epoch,loss,mape
0,15393.1953125,85.93560028076172
1,10836.06640625,73.98783111572266
